product_id,error_reason
202719601,HTTP 404
252177965,HTTP 404
154530131,HTTP 404
215162868,HTTP 404
214841295,HTTP 404
253041020,HTTP 404
251921456,HTTP 404
260640691,HTTP 404
197329296,HTTP 404
93830430,HTTP 404
257925319,HTTP 404
248884068,HTTP 404
37961414,HTTP 404
139222915,HTTP 404
149655340,HTTP 404
138771951,HTTP 404
149688054,HTTP 404
252279274,HTTP 404
45832109,HTTP 404
202957538,HTTP 404
140331433,HTTP 404
253193479,HTTP 404
262483955,HTTP 404
262482056,HTTP 404
252887336,HTTP 404
162217485,HTTP 404
202785989,HTTP 404
196175015,HTTP 404
94674261,HTTP 404
199108529,HTTP 404
254124238,HTTP 404
6528635,HTTP 404
263655215,HTTP 404
263047165,HTTP 404
261839476,HTTP 404
261798479,HTTP 404
2386945,HTTP 404
204065025,HTTP 404
203960914,HTTP 404
203960841,HTTP 404
127537280,HTTP 404
204064868,HTTP 404
204658727,HTTP 404
204064908,HTTP 404
190824033,HTTP 404
127531945,HTTP 404
55886475,HTTP 404
193767656,HTTP 404
108358268,HTTP 404
104908913,HTTP 404
115196180,HTTP 404
204411026,HTTP 404
107219238,HTTP 404
113887120,HTTP 404
204411091,HTTP 404
115667335,HTTP 404
100319951,HTTP 404
225210590,HTTP 404
107195032,HTTP 404
225210603,HTTP 404
108055389,HTTP 404
40184664,HTTP 404
242502865,HTTP 404
251550541,HTTP 404
228988486,HTTP 404
127113936,HTTP 404
197856197,HTTP 404
127097023,HTTP 404
242075879,HTTP 404
247666472,HTTP 404
251265495,HTTP 404
251536700,HTTP 404
248644380,HTTP 404
251265271,HTTP 404
248353725,HTTP 404
204411099,HTTP 404
251265358,HTTP 404
247249283,HTTP 404
228987720,HTTP 404
251536737,HTTP 404
251265500,HTTP 404
197366896,HTTP 404
251265414,HTTP 404
251267028,HTTP 404
251265341,HTTP 404
251265476,HTTP 404
247247956,HTTP 404
251536998,HTTP 404
251267048,HTTP 404
251265507,HTTP 404
251265281,HTTP 404
127528127,HTTP 404
251265309,HTTP 404
251265412,HTTP 404
251265261,HTTP 404
251536661,HTTP 404
251536679,HTTP 404
127114141,HTTP 404
262818198,HTTP 404
247238593,HTTP 404
251536925,HTTP 404
248638676,HTTP 404
251265401,HTTP 404
251265337,HTTP 404
247238807,HTTP 404
251265307,HTTP 404
251262923,HTTP 404
251536952,HTTP 404
251536707,HTTP 404
251267032,HTTP 404
251537022,HTTP 404
251536923,HTTP 404
225209672,HTTP 404
228989781,HTTP 404
242504261,HTTP 404
107278644,HTTP 404
115677940,HTTP 404
201121651,HTTP 404
262787489,HTTP 404
107975641,HTTP 404
203960672,HTTP 404
242200601,HTTP 404
108324598,HTTP 404
217332235,HTTP 404
203958134,HTTP 404
171104261,HTTP 404
248215260,HTTP 404
220741858,HTTP 404
199144320,HTTP 404
212251398,HTTP 404
183034117,HTTP 404
207749479,HTTP 404
195940874,HTTP 404
209378834,HTTP 404
215129611,HTTP 404
206781406,HTTP 404
212479761,HTTP 404
210757803,HTTP 404
203999095,HTTP 404
212252157,HTTP 404
192259825,HTTP 404
226562217,HTTP 404
203999080,HTTP 404
210761027,HTTP 404
205113157,HTTP 404
215738858,HTTP 404
203982877,HTTP 404
212211925,HTTP 404
209908633,HTTP 404
205298840,HTTP 404
212251743,HTTP 404
239142056,HTTP 404
208748014,HTTP 404
176508941,HTTP 404
215129312,HTTP 404
215129265,HTTP 404
207285065,HTTP 404
207256868,HTTP 404
210132074,HTTP 404
114572662,HTTP 404
212251999,HTTP 404
215129353,HTTP 404
262346337,HTTP 404
206781402,HTTP 404
251772966,HTTP 404
215129295,HTTP 404
215129445,HTTP 404
215129541,HTTP 404
215129477,HTTP 404
212479704,HTTP 404
206713368,HTTP 404
206553948,HTTP 404
198817566,HTTP 404
212251981,HTTP 404
215129534,HTTP 404
175150254,HTTP 404
215129516,HTTP 404
206147748,HTTP 404
207397535,HTTP 404
207281745,HTTP 404
215129627,HTTP 404
204437685,HTTP 404
201610324,HTTP 404
225249714,HTTP 404
206987457,HTTP 404
205829661,HTTP 404
215129641,HTTP 404
206984985,HTTP 404
212211917,HTTP 404
207271258,HTTP 404
203998915,HTTP 404
205829900,HTTP 404
243245471,HTTP 404
215129592,HTTP 404
207289508,HTTP 404
215129358,HTTP 404
209377538,HTTP 404
201610378,HTTP 404
175150267,HTTP 404
136699272,HTTP 404
237819237,HTTP 404
202784251,HTTP 404
215129303,HTTP 404
202784158,HTTP 404
212479746,HTTP 404
207268453,HTTP 404
207194970,HTTP 404
204430928,HTTP 404
205115266,HTTP 404
210758473,HTTP 404
205116826,HTTP 404
212479743,HTTP 404
204429541,HTTP 404
206987459,HTTP 404
205829906,HTTP 404
114572377,HTTP 404
215129375,HTTP 404
203960964,HTTP 404
206781415,HTTP 404
206914169,HTTP 404
209908200,HTTP 404
216935800,HTTP 404
205297523,HTTP 404
205829904,HTTP 404
215723322,HTTP 404
206553980,HTTP 404
212251749,HTTP 404
260807619,HTTP 404
207876075,HTTP 404
260807322,HTTP 404
203999042,HTTP 404
165015382,HTTP 404
202784240,HTTP 404
262830165,HTTP 404
215129479,HTTP 404
215129617,HTTP 404
215129351,HTTP 404
215129650,HTTP 404
208748025,HTTP 404
248113986,HTTP 404
206553941,HTTP 404
207997494,HTTP 404
204049817,HTTP 404
200935495,HTTP 404
202784229,HTTP 404
222655805,HTTP 404
204064755,HTTP 404
215129437,HTTP 404
207255107,HTTP 404
208071217,HTTP 404
204064846,HTTP 404
202784196,HTTP 404
202784141,HTTP 404
215129524,HTTP 404
215129560,HTTP 404
215129548,HTTP 404
116106095,HTTP 404
150252282,HTTP 404
207749486,HTTP 404
215129302,HTTP 404
206987830,HTTP 404
208062183,HTTP 404
203960697,HTTP 404
203960952,HTTP 404
202724634,HTTP 404
215129393,HTTP 404
247449409,HTTP 404
215129440,HTTP 404
215129629,HTTP 404
91129745,HTTP 404
215129246,HTTP 404
116106183,HTTP 404
114572652,HTTP 404
199144679,HTTP 404
150247761,HTTP 404
150857989,HTTP 404
35251478,HTTP 404
38208053,HTTP 404
185235526,HTTP 404
146232045,HTTP 404
149128429,HTTP 404
36767996,HTTP 404
150857577,HTTP 404
138989666,HTTP 404
205691936,HTTP 404
242424871,HTTP 404
109281355,HTTP 404
144199447,HTTP 404
162966789,HTTP 404
143144978,HTTP 404
205690661,HTTP 404
144230422,HTTP 404
229770132,HTTP 404
259514222,HTTP 404
251773322,HTTP 404
252357193,HTTP 404
204064371,HTTP 404
137676921,HTTP 404
137675299,HTTP 404
31855083,HTTP 404
137676203,HTTP 404
137675369,HTTP 404
137675537,HTTP 404
137676428,HTTP 404
137676504,HTTP 404
35865497,HTTP 404
137676419,HTTP 404
36869362,HTTP 404
137676509,HTTP 404
137676513,HTTP 404
137675321,HTTP 404
20150585,HTTP 404
204450798,HTTP 404
24243874,HTTP 404
33065672,HTTP 404
52484184,HTTP 404
229764828,HTTP 404
205673512,HTTP 404
243300456,HTTP 404
139196211,HTTP 404
172069313,HTTP 404
206147399,HTTP 404
11119985,HTTP 404
206246426,HTTP 404
205977423,HTTP 404
116813643,HTTP 404
243017139,HTTP 404
252882714,HTTP 404
205685450,HTTP 404
205685551,HTTP 404
245784317,HTTP 404
242391973,HTTP 404
229805444,HTTP 404
143468298,HTTP 404
111712435,HTTP 404
143468129,HTTP 404
68139092,HTTP 404
54683588,HTTP 404
206147376,HTTP 404
83743179,HTTP 404
251770063,HTTP 404
206553302,HTTP 404
209907468,HTTP 404
227326580,HTTP 404
229805345,HTTP 404
250099753,HTTP 404
243082353,HTTP 404
242841242,HTTP 404
245773668,HTTP 404
89698759,HTTP 404
124275744,HTTP 404
251772917,HTTP 404
206553965,HTTP 404
129010866,HTTP 404
107077858,HTTP 404
242999577,HTTP 404
206553450,HTTP 404
206554056,HTTP 404
206553261,HTTP 404
209909083,HTTP 404
229747995,HTTP 404
248865886,HTTP 404
206553308,HTTP 404
116470301,HTTP 404
248858613,HTTP 404
209907945,HTTP 404
144197460,HTTP 404
38495219,HTTP 404
206553432,HTTP 404
206244672,HTTP 404
206553272,HTTP 404
116470590,HTTP 404
206554060,HTTP 404
205666051,HTTP 404
11078812,HTTP 404
242717741,HTTP 404
248154660,HTTP 404
245787203,HTTP 404
253073394,HTTP 404
206553412,HTTP 404
250100139,HTTP 404
205691354,HTTP 404
155199093,HTTP 404
144198306,HTTP 404
250099921,HTTP 404
242717078,HTTP 404
16197757,HTTP 404
36995833,HTTP 404
31909260,HTTP 404
77718785,HTTP 404
109976728,HTTP 404
38467919,HTTP 404
31908911,HTTP 404
110360088,HTTP 404
74571640,HTTP 404
41343279,HTTP 404
35723368,HTTP 404
35723131,HTTP 404
206473684,HTTP 404
206470218,HTTP 404
225314670,HTTP 404
209165308,HTTP 404
41293717,HTTP 404
136891407,HTTP 404
209165145,HTTP 404
209165158,HTTP 404
83665733,HTTP 404
77879001,HTTP 404
114572449,HTTP 404
253614911,HTTP 404
203960851,HTTP 404
203960862,HTTP 404
204064409,HTTP 404
203960840,HTTP 404
203960855,HTTP 404
204437733,HTTP 404
204065101,HTTP 404
204064542,HTTP 404
204650196,HTTP 404
203960845,HTTP 404
204065506,HTTP 404
203992243,HTTP 404
203992378,HTTP 404
203961147,HTTP 404
203960916,HTTP 404
204064916,HTTP 404
213969881,HTTP 404
204065056,HTTP 404
203992149,HTTP 404
204064746,HTTP 404
213969882,HTTP 404
203960707,HTTP 404
204437406,HTTP 404
203992328,HTTP 404
204064447,HTTP 404
204064369,HTTP 404
206836167,HTTP 404
204064320,HTTP 404
203998899,HTTP 404
204065053,HTTP 404
204064488,HTTP 404
197856522,HTTP 404
203961125,HTTP 404
203961026,HTTP 404
203961169,HTTP 404
203960975,HTTP 404
203961052,HTTP 404
204044482,HTTP 404
204437759,HTTP 404
129172465,HTTP 404
243084656,HTTP 404
247922159,HTTP 404
246856779,HTTP 404
249591076,HTTP 404
249601277,HTTP 404
262811657,HTTP 404
97708090,HTTP 404
57522629,HTTP 404
39951047,HTTP 404
137675541,HTTP 404
213921058,HTTP 404
202715453,HTTP 404
253620976,HTTP 404
205889379,HTTP 404
205892589,HTTP 404
205692600,HTTP 404
205886057,HTTP 404
88096885,HTTP 404
210959895,HTTP 404
114572403,HTTP 404
214234034,HTTP 404
222399161,HTTP 404
207299029,HTTP 404
207299276,HTTP 404
74443873,HTTP 404
222399232,HTTP 404
251590785,HTTP 404
248619617,HTTP 404
2152895,HTTP 404
242859748,HTTP 404
246960313,HTTP 404
242866154,HTTP 404
251590836,HTTP 404
108102585,HTTP 404
193155919,HTTP 404
258668703,HTTP 404
111521985,HTTP 404
246136752,HTTP 404
262835627,HTTP 404
251751008,HTTP 404
262845891,HTTP 404
202012916,HTTP 404
262846190,HTTP 404
254181075,HTTP 404
262846146,HTTP 404
246162959,HTTP 404
262845989,HTTP 404
262749764,HTTP 404
261961817,HTTP 404
144631305,HTTP 404
246209066,HTTP 404
95296908,HTTP 404
82921009,HTTP 404
250086235,HTTP 404
248540527,HTTP 404
121331576,HTTP 404
14348102,HTTP 404
245900784,HTTP 404
243084989,HTTP 404
246856167,HTTP 404
262839280,HTTP 404
262838603,HTTP 404
262839195,HTTP 404
205529304,HTTP 404
262301764,HTTP 404
246770166,HTTP 404
246755238,HTTP 404
93764811,HTTP 404
114877982,HTTP 404
57763788,HTTP 404
228930728,HTTP 404
73544502,HTTP 404
262787502,HTTP 404
2069457,HTTP 404
197379419,HTTP 404
114876967,HTTP 404
114894597,HTTP 404
180576324,HTTP 404
135370586,HTTP 404
107405220,HTTP 404
261995759,HTTP 404
221239902,HTTP 404
221255334,HTTP 404
146250691,HTTP 404
80665479,HTTP 404
246852873,HTTP 404
246856195,HTTP 404
242882260,HTTP 404
92744455,HTTP 404
92743919,HTTP 404
212260370,HTTP 404
207990670,HTTP 404
179142419,HTTP 404
130773904,HTTP 404
247275270,HTTP 404
246851142,HTTP 404
246853057,HTTP 404
245769955,HTTP 404
179142316,HTTP 404
205081143,HTTP 404
203200763,HTTP 404
242712795,HTTP 404
129714951,HTTP 404
111158140,HTTP 404
129727779,HTTP 404
140987470,HTTP 404
249093147,HTTP 404
199607003,HTTP 404
252356056,HTTP 404
242881295,HTTP 404
205285722,HTTP 404
129416808,HTTP 404
207709582,HTTP 404
245218785,HTTP 404
246432064,HTTP 404
245889367,HTTP 404
242200678,HTTP 404
261815158,HTTP 404
255349730,HTTP 404
262082309,HTTP 404
247950409,HTTP 404
263110063,HTTP 404
263294035,HTTP 404
262646337,HTTP 404
244690356,HTTP 404
167473816,HTTP 404
262780647,HTTP 404
262779574,HTTP 404
206673684,HTTP 404
249657975,HTTP 404
249662613,HTTP 404
240474641,HTTP 404
249017750,HTTP 404
260810317,HTTP 404
87556401,HTTP 404
52277277,HTTP 404
87563213,HTTP 404
87548845,HTTP 404
17928527,HTTP 404
130422290,HTTP 404
69090355,HTTP 404
54745696,HTTP 404
87549360,HTTP 404
126158085,HTTP 404
87549039,HTTP 404
196800922,HTTP 404
91403505,HTTP 404
130425293,HTTP 404
218750573,HTTP 404
134389899,HTTP 404
190703156,HTTP 404
202788110,HTTP 404
76359080,HTTP 404
23383685,HTTP 404
207831478,HTTP 404
202786108,HTTP 404
150947006,HTTP 404
258610145,HTTP 404
162976249,HTTP 404
162973658,HTTP 404
166412645,HTTP 404
162197629,HTTP 404
162163898,HTTP 404
248494132,HTTP 404
248496686,HTTP 404
246856721,HTTP 404
205422991,HTTP 404
248495222,HTTP 404
186552167,HTTP 404
248492481,HTTP 404
249602001,HTTP 404
248493276,HTTP 404
248496424,HTTP 404
248495488,HTTP 404
249657398,HTTP 404
249600827,HTTP 404
249601462,HTTP 404
248494625,HTTP 404
246850985,HTTP 404
205286057,HTTP 404
249602668,HTTP 404
249601697,HTTP 404
198074821,HTTP 404
263625495,HTTP 404
205280846,HTTP 404
248491779,HTTP 404
154532215,HTTP 404
154532108,HTTP 404
147873300,HTTP 404
154532335,HTTP 404
147873788,HTTP 404
168404037,HTTP 404
262524753,HTTP 404
186676376,HTTP 404
208122526,HTTP 404
248494657,HTTP 404
248916220,HTTP 404
208613149,HTTP 404
176150593,HTTP 404
190367084,HTTP 404
190703501,HTTP 404
167475454,HTTP 404
104794757,HTTP 404
104792902,HTTP 404
104791896,HTTP 404
167478124,HTTP 404
173380362,HTTP 404
167481417,HTTP 404
167477772,HTTP 404
195548070,HTTP 404
26162099,HTTP 404
167483500,HTTP 404
167477366,HTTP 404
178088896,HTTP 404
183491790,HTTP 404
53492237,HTTP 404
164552469,HTTP 404
230005869,HTTP 404
230004864,HTTP 404
217524778,HTTP 404
225263759,HTTP 404
230201510,HTTP 404
247437307,HTTP 404
260805654,HTTP 404
217528573,HTTP 404
198289547,HTTP 404
195238171,HTTP 404
214595306,HTTP 404
205278683,HTTP 404
192970180,HTTP 404
262673016,HTTP 404
214798971,HTTP 404
262673273,HTTP 404
244167141,HTTP 404
153612232,HTTP 404
166233431,HTTP 404
150946988,HTTP 404
262533668,HTTP 404
189235633,HTTP 404
243223165,HTTP 404
263403786,HTTP 404
181940296,HTTP 404
91932472,HTTP 404
75769663,HTTP 404
74532664,HTTP 404
91938807,HTTP 404
91940010,HTTP 404
91937597,HTTP 404
91945133,HTTP 404
91950879,HTTP 404
74421745,HTTP 404
214760217,HTTP 404
214757478,HTTP 404
153530111,HTTP 404
253111307,HTTP 404
162087391,HTTP 404
261900853,HTTP 404
261900461,HTTP 404
261900631,HTTP 404
198414835,HTTP 404
253186947,HTTP 404
195745514,HTTP 404
49250760,HTTP 404
192761524,HTTP 404
225915740,HTTP 404
262198965,HTTP 404
192757872,HTTP 404
192786153,HTTP 404
200551129,HTTP 404
263403811,HTTP 404
262213883,HTTP 404
253664020,HTTP 404
253350227,HTTP 404
200546939,HTTP 404
215878052,HTTP 404
215886021,HTTP 404
247288733,HTTP 404
248746103,HTTP 404
215887031,HTTP 404
262235674,HTTP 404
200548604,HTTP 404
262227178,HTTP 404
200550020,HTTP 404
192754653,HTTP 404
192784272,HTTP 404
200539150,HTTP 404
215881061,HTTP 404
164968515,HTTP 404
202787474,HTTP 404
202798804,HTTP 404
164968086,HTTP 404
202788159,HTTP 404
203704047,HTTP 404
203731026,HTTP 404
203703280,HTTP 404
200800257,HTTP 404
200798631,HTTP 404
248777924,HTTP 404
200799084,HTTP 404
262706662,HTTP 404
200800067,HTTP 404
203730958,HTTP 404
210279841,HTTP 404
210276664,HTTP 404
261988228,HTTP 404
210279181,HTTP 404
210279490,HTTP 404
200799123,HTTP 404
210279892,HTTP 404
200799409,HTTP 404
210276967,HTTP 404
210278452,HTTP 404
164972793,HTTP 404
242703693,HTTP 404
144045034,HTTP 404
263099604,HTTP 404
263099547,HTTP 404
252757905,HTTP 404
200800397,HTTP 404
210278948,HTTP 404
261979067,HTTP 404
261979142,HTTP 404
261978851,HTTP 404
261979037,HTTP 404
261979001,HTTP 404
261978823,HTTP 404
261978931,HTTP 404
261979157,HTTP 404
261979084,HTTP 404
261978937,HTTP 404
261979052,HTTP 404
261978932,HTTP 404
200528988,HTTP 404
252211869,HTTP 404
261978801,HTTP 404
263573701,HTTP 404
263573578,HTTP 404
263573593,HTTP 404
263573515,HTTP 404
244306095,HTTP 404
263573803,HTTP 404
263573693,HTTP 404
263573516,HTTP 404
263573576,HTTP 404
263573936,HTTP 404
263573581,HTTP 404
206134891,HTTP 404
253614654,HTTP 404
193647601,HTTP 404
186909064,HTTP 404
197729017,HTTP 404
198465853,HTTP 404
200798638,HTTP 404
102797694,HTTP 404
189420388,HTTP 404
199638230,HTTP 404
251573204,HTTP 404
210278471,HTTP 404
164965404,HTTP 404
253146662,HTTP 404
196469884,HTTP 404
200798555,HTTP 404
262693032,HTTP 404
263401984,HTTP 404
219369225,HTTP 404
200797942,HTTP 404
203730972,HTTP 404
248783003,HTTP 404
200797882,HTTP 404
197730935,HTTP 404
210280121,HTTP 404
210278015,HTTP 404
208760933,HTTP 404
210279196,HTTP 404
200795801,HTTP 404
203703583,HTTP 404
210280335,HTTP 404
200798618,HTTP 404
242716498,HTTP 404
185851073,HTTP 404
252720992,HTTP 404
257787201,HTTP 404
217763386,HTTP 404
249947528,HTTP 404
253766925,HTTP 404
190695872,HTTP 404
10297936,HTTP 404
190702768,HTTP 404
54368341,HTTP 404
87550755,HTTP 404
87558163,HTTP 404
87555421,HTTP 404
87547798,HTTP 404
87553574,HTTP 404
87553797,HTTP 404
87554029,HTTP 404
54442572,HTTP 404
54393657,HTTP 404
54383631,HTTP 404
54393665,HTTP 404
54583105,HTTP 404
198079078,HTTP 404
253116073,HTTP 404
53838886,HTTP 404
87552652,HTTP 404
54393674,HTTP 404
53839583,HTTP 404
54393642,HTTP 404
87555783,HTTP 404
54442551,HTTP 404
53837553,HTTP 404
52659820,HTTP 404
87550859,HTTP 404
53840242,HTTP 404
87551805,HTTP 404
53839813,HTTP 404
53837414,HTTP 404
52659824,HTTP 404
53836822,HTTP 404
54383608,HTTP 404
54442554,HTTP 404
121106476,HTTP 404
190826135,HTTP 404
260797947,HTTP 404
261978845,HTTP 404
191123281,HTTP 404
261072979,HTTP 404
42496586,HTTP 404
52649564,HTTP 404
87557157,HTTP 404
12671823,HTTP 404
52649551,HTTP 404
23569151,HTTP 404
87560124,HTTP 404
239178180,HTTP 404
174932071,HTTP 404
52649547,HTTP 404
52649555,HTTP 404
52649533,HTTP 404
52112865,HTTP 404
178745135,HTTP 404
198364422,HTTP 404
249610710,HTTP 404
199684319,HTTP 404
143406068,HTTP 404
45244396,HTTP 404
87548184,HTTP 404
87552969,HTTP 404
163570490,HTTP 404
178041627,HTTP 404
178041921,HTTP 404
177703218,HTTP 404
178042439,HTTP 404
177703021,HTTP 404
87564818,HTTP 404
163570579,HTTP 404
177703463,HTTP 404
163570578,HTTP 404
178042430,HTTP 404
163569552,HTTP 404
176488082,HTTP 404
177703051,HTTP 404
178042489,HTTP 404
177703395,HTTP 404
178041869,HTTP 404
163569558,HTTP 404
163570657,HTTP 404
21284912,HTTP 404
177703256,HTTP 404
164536069,HTTP 404
178042482,HTTP 404
177703093,HTTP 404
177703356,HTTP 404
14083682,HTTP 404
178042194,HTTP 404
163570467,HTTP 404
178042421,HTTP 404
163570619,HTTP 404
177703412,HTTP 404
184698105,HTTP 404
177813776,HTTP 404
139033619,HTTP 404
71092007,HTTP 404
180585865,HTTP 404
178297848,HTTP 404
180585063,HTTP 404
178606776,HTTP 404
180592620,HTTP 404
187946670,HTTP 404
178111489,HTTP 404
190702979,HTTP 404
242102470,HTTP 404
254896486,HTTP 404
253184152,HTTP 404
155778757,HTTP 404
153770931,HTTP 404
254896507,HTTP 404
254896847,HTTP 404
254871792,HTTP 404
254896992,HTTP 404
254896768,HTTP 404
254896832,HTTP 404
254896890,HTTP 404
254897050,HTTP 404
254896809,HTTP 404
254896904,HTTP 404
144046174,HTTP 404
254896526,HTTP 404
254896794,HTTP 404
254871744,HTTP 404
254871760,HTTP 404
13763748,HTTP 404
36023947,HTTP 404
59478772,HTTP 404
94306870,HTTP 404
250118468,HTTP 404
250117849,HTTP 404
259485900,HTTP 404
199684298,HTTP 404
202799211,HTTP 404
35227126,HTTP 404
251102827,HTTP 404
80021389,HTTP 404
173238278,HTTP 404
87851756,HTTP 404
161869519,HTTP 404
173281156,HTTP 404
247788699,HTTP 404
247788323,HTTP 404
161894761,HTTP 404
173276282,HTTP 404
247788420,HTTP 404
173237581,HTTP 404
144763130,HTTP 404
207067802,HTTP 404
161874320,HTTP 404
63582317,HTTP 404
206488185,HTTP 404
221692672,HTTP 404
109017703,HTTP 404
172067531,HTTP 404
263087695,HTTP 404
166209502,HTTP 404
221225764,HTTP 404
63548262,HTTP 404
166208944,HTTP 404
87558397,HTTP 404
63600586,HTTP 404
113709695,HTTP 404
63507919,HTTP 404
113709643,HTTP 404
63595377,HTTP 404
113709617,HTTP 404
113709632,HTTP 404
250010817,HTTP 404
63598759,HTTP 404
174113468,HTTP 404
207341537,HTTP 404
205793001,HTTP 404
205810478,HTTP 404
251262713,HTTP 404
106242035,HTTP 404
13940547,HTTP 404
36740931,HTTP 404
12023133,HTTP 404
87771852,HTTP 404
34725666,HTTP 404
34723602,HTTP 404
128660837,HTTP 404
16753510,HTTP 404
45463834,HTTP 404
33564005,HTTP 404
25293276,HTTP 404
12354438,HTTP 404
83788044,HTTP 404
70806893,HTTP 404
70880515,HTTP 404
36188812,HTTP 404
46732905,HTTP 404
44778879,HTTP 404
12316293,HTTP 404
71011303,HTTP 404
87557001,HTTP 404
83910574,HTTP 404
84549047,HTTP 404
10686361,HTTP 404
83930047,HTTP 404
12107818,HTTP 404
46655824,HTTP 404
187598558,HTTP 404
14054194,HTTP 404
208120165,HTTP 404
19562427,HTTP 404
87851737,HTTP 404
10170131,HTTP 404
41321260,HTTP 404
130423003,HTTP 404
9969307,HTTP 404
263100423,HTTP 404
247788646,HTTP 404
87851730,HTTP 404
87851659,HTTP 404
204658871,HTTP 404
13635619,HTTP 404
10102128,HTTP 404
7253439,HTTP 404
120431463,HTTP 404
102638291,HTTP 404
